id,x,y
1,40.4165,-3.70256
2,41.38879,2.15899
3,39.46975,-0.37739
4,41.65606,-0.87734
5,36.72016,-4.42034
6,37.98704,-1.13004
7,39.56939,2.65024
8,28.09973,-15.41343
9,43.26271,-2.92528
10,37.38283,-5.97317
11,41.65518,-4.72372
12,42.23282,-8.72264
13,40.38897,-3.74569
14,43.37135,-8.396
15,37.18817,-3.60667
16,43.36029,-5.84476
17,28.46824,-16.25462
18,41.45004,2.24741
19,37.60512,-0.98623
20,41.56667,2.01667